{
    "generated_at": "2026-03-30T19:22:48+00:00",
    "cache_enabled": false,
    "queries_total": 5,
    "top_k": 10,
    "min_score": 0.75,
    "stages": {
        "embedding": {
            "p50_ms": 308.5189,
            "p95_ms": 710.1982,
            "p99_ms": 710.1982,
            "avg_cost_usd": 8.2e-7
        },
        "vector_search": {
            "p50_ms": 121.197,
            "p95_ms": 121.403,
            "p99_ms": 121.403,
            "avg_cost_usd": 0
        },
        "llm": {
            "p50_ms": 2966.1291,
            "p95_ms": 6120.435,
            "p99_ms": 6120.435,
            "avg_cost_usd": 0.007672000000000001
        }
    },
    "total": {
        "p50_ms": 3385.5131,
        "p95_ms": 6521.8558,
        "p99_ms": 6521.8558,
        "avg_cost_usd": 0.007672820000000001
    }
}