{
    "generated_at": "2026-03-30T19:22:48+00:00",
    "cache_enabled": true,
    "queries_total": 5,
    "top_k": 10,
    "min_score": 0.75,
    "stages": {
        "embedding": {
            "p50_ms": 1.2958,
            "p95_ms": 8.8811,
            "p99_ms": 8.8811,
            "avg_cost_usd": 8.2e-7
        },
        "vector_search": {
            "p50_ms": 0,
            "p95_ms": 0,
            "p99_ms": 0,
            "avg_cost_usd": 0
        },
        "llm": {
            "p50_ms": 0.385,
            "p95_ms": 0.3979,
            "p99_ms": 0.3979,
            "avg_cost_usd": 0.007784000000000001
        }
    },
    "total": {
        "p50_ms": 1.56,
        "p95_ms": 9.2661,
        "p99_ms": 9.2661,
        "avg_cost_usd": 0.0077848200000000005
    }
}